"word","n"
"chinazi",10724
"chinesevirus",8422
"china",8276
"chinaliedpeopledied",7038
"twitter",5675
"asian",5058
"asia",3535
"covid",3516
"ccp",3249
"world",2828
"chingchong",2770
"people",2701
"coronavirus",2520
"chinese",2181
"wuhanvirus",2022
"virus",1860
"chinavirus",1622
"terrorist",1301
"standwithhongkong",1294
"ccpvirus",989
"hongkong",977
"hong",898
"kong",894
"hk",884
"trump",883
"stop",825
"time",825
"wuhan",812
"country",806
"boycottchina",800
"wuhancoronavirus",758
"countries",637
"chinamustpay",615
"pandemic",608
"hongkongprotests",596
"human",572
"government",568
"taiwan",566
"police",538
"racist",531
"realdontaldtrump",531
"white",531
"freedom",517
"freehongkong",507
"antichinazi",504
"communist",498
"black",496
"evil",481
"chinacoronavirus",464
"ccpchina",463
"american",460
"news",459
"usa",447
"chinesecoronavirus",435
"spread",435
"corona",418
"india",410
"america",404
"day",404
"standwithhk",401
"pay",382
"support",376
"truth",375
"americans",373
"rights",373
"love",372
"call",369
"fight",369
"uk",354
"chinaliedandpeopledied",351
"east",347
"real",346
"free",338
"money",336
"president",333
"media",330
"hkpolicestate",325
"wholiedpeopledied",325
"south",321
"hkpolicebrutality",317
"hkpoliceterrorism",311
"stand",308
"life",303
"hkpoliceterrorists",302
"propaganda",295
"trust",290
"democracy",286
"soshk",286
"chinamustexplain",284
"hope",284
"live",284
"party",284
"racism",282
"fightforfreedom",281
"ppl",280
"xi",276
"didn",273
"europe",273
"global",273
"maga",273
"shit",269
"blame",260
"spreading",260
"makechinapay",259
"deaths",258
"fuck",258
"lol",258
"los",258
"stay",258
"ako",257
"death",256
"donte",255
"hongkongers",254
"called",253
"uyghurs",253
"chinesewuhanvirus",250
"coronavirusoutbreak",250
"home",250
"por",250
"regime",250
"fake",248
"war",248
"ang",246
"control",244
"food",241
"won",239
"hate",238
"lives",238
"true",238
"japan",237
"chinesebioterrorism",234
"para",232
"health",229
"citizens",228
"god",227
"international",226
"chineseviruscorona",225
"demandsnot",223
"person",222
"chinaisasshoe",221
"hongkongprotest",221
"australia",220
"forget",220
"con",219
"masks",217
"hkpolice",214
"terroristpic",214
"care",212
"christmas",212
"power",212
"chinaliedpeopledie",211
"policebrutality",209
"kung",208
"lies",208
"start",208
"due",206
"xijinping",206
"video",205
"bad",204
"responsible",203
"wrong",203
"youtube",203
"shame",202
"outbreak",201
"italy",200
"million",200
"act",199
"coming",199
"freehk",199
"lang",199
"mo",199
"africa",198
"calling",198
"travel",198
"kill",196
"est",195
"law",195
"economy",194
"wuhancoronavius",194
"flu",193
"buy",192
"history",192
"anti",191
"coronaviruspandemic",190
"hkers",189
"women",188
"lockdown",187
"gfvip",186
"uyghur",186
"watch",185
"girl",184
"lied",184
"yung",183
"wuhancoronavirusoutbreak",182
"agree",180
"died",180
"boycottmulan",179
"lot",179
"threat",179
"huawei",178
"understand",178
"mask",177
"nazi",175
"business",174
"die",174
"hongkongpolice",174
"save",174
"sia",174
"killed",173
"times",173
"fighting",171
"muslims",171
"protect",171
"chinalies",170
"potus",170
"naman",169
"happy",168
"beijing",167
"family",167
"remember",167
"share",167
"xinjiang",167
"feel",166
"lost",164
"medical",164
"reason",164
"crisis",161
"left",161
"days",160
"govt",160
"infected",159
"market",159
"bill",158
"canada",158
"chinaliespeopledie",158
"del",158
"dontt",157
"hantavirus",157
"im",156
"attack",155
"democrats",155
"hell",155
"started",155
"city",153
"eu",153
"gov",152
"policestate",152
"political",152
"west",151
"ban",150
"fucking",150
"makes",150
"race",150
"african",149
"pero",149
"western",148
"stupid",147
"dead",146
"woman",146
"wuhanpneumonia",146
"sars",145
"cover",144
"killing",144
"lying",144
"guy",143
"rest",143
"talking",142
"korea",141
"drtedros",140
"freetibet",140
"friends",140
"cnn",139
"game",139
"gonna",139
"information",139
"kag",139
"play",139
"solomonyue",139
"pro",138
"community",137
"fakenews",137
"hard",137
"stayhome",137
"accountable",136
"ccpliedpeopledied",136
"southeast",136
"economic",135
"means",135
"eat",134
"kills",134
"sad",134
"ass",133
"caused",133
"job",133
"change",132
"originated",132
"trade",132
"asians",131
"guys",131
"humanity",131
"pacific",131
"told",131
"una",131
"follow",130
"lab",130
"yang",129
"culture",128
"justice",128
"read",128
"safe",128
"top",128
"word",128
"entire",127
"generation",127
"hongkongprotesters",127
"les",127
"europa",126
"created",125
"millions",125
"markets",124
"speech",124
"taking",124
"germany",122
"late",122
"viruschino",122
"action",121
"lie",121
"wake",121
"coronavirusupdate",120
"nation",120
"public",120
"tyranny",120
"months",119
"nga",119
"sanction",119
"ago",118
"found",118
"products",118
"bring",117
"comment",117
"data",117
"kids",117
"matter",117
"students",117
"arrested",116
"disgusting",116
"girls",116
"hands",116
"situation",116
"social",116
"absolutely",115
"coronaviruslockdown",115
"crazy",115
"deal",115
"eating",115
"happen",115
"japanese",115
"middle",115
"speakerpelosi",115
"yeah",115
"che",114
"future",114
"hahahaha",114
"happened",114
"sick",114
"yan",114
"check",113
"hold",113
"hongkongpoliceterrorism",113
"tour",113
"tweet",113
"polyu",112
"united",112
"censorship",111
"happening",111
"anywherebutchina",110
"genocide",110
"hkprotests",110
"liberatehongkong",110
"xijinpingvirus",110
"damn",108
"living",108
"chinamustfall",107
"disease",107
"eyes",107
"wait",107
"friend",106
"learn",106
"son",106
"telling",106
"como",105
"dan",105
"house",105
"issue",105
"mi",105
"pls",105
"worse",105
"communism",104
"hit",104
"line",104
"literally",104
"price",104
"talaga",104
"talk",104
"thousands",104
"boycottbeijing",103
"dear",103
"giving",103
"held",103
"hongkongpolicebrutality",103
"indian",103
"poor",103
"puppet",103
"shut",103
"tibet",103
"worldwide",103
"foreign",102
"humanrights",102
"kayo",102
"joke",101
"national",101
"sense",101
"thailand",101
"half",100
"head",100
"low",100
"rule",100
"send",100
"supporting",100
"weeks",100
"bat",99
"camps",99
"pass",99
"report",99
"suffering",99
"arrest",98
"election",98
"standwithuyghurs",98
"story",98
"continue",97
"european",97
"epidemic",96
"hand",96
"allowed",95
"guess",95
"post",95
"speak",95
"wuflu",95
"british",94
"chinazivirus",94
"companies",94
"daily",94
"enemy",94
"press",94
"question",94
"system",94
"tedros",94
"wanna",94
"wow",94
"children",93
"forgive",93
"join",93
"miss",93
"dangerous",92
"doctors",92
"force",92
"korean",92
"move",92
"nnevvy",92
"response",92
"russia",92
"single",92
"words",92
"biggest",91
"company",91
"concentration",91
"failed",91
"hear",91
"including",91
"innocent",91
"playing",91
"security",91
"chineseflu",90
"crime",90
"fear",90
"funny",90
"listen",90
"muslim",90
"origin",90
"quarantine",90
"test",90
"blood",89
"dog",89
"nations",89
"nice",89
"sign",89
"eve",88
"mundo",88
"school",88
"total",88
"watching",88
"evidence",87
"helping",87
"run",87
"totalitarian",87
"totally",87
"anymore",86
"chinapneumonia",86
"common",86
"fightforfreedomstandwithhongkong",86
"kungflu",86
"os",86
"pretty",86
"wear",86
"animals",85
"close",85
"dictatorship",85
"hispanic",85
"moment",85
"wearing",85
"central",84
"democracyforhk",84
"finally",84
"hide",84
"local",84
"red",84
"respect",84
"tiktok",84
"wuhanflu",84
"antielab",83
"billion",83
"bioweapon",83
"heart",83
"leave",83
"mind",83
"responsibility",83
"wall",83
"correct",82
"uyghurgenocide",82
"worst",82
"coronaoutbreak",81
"huge",81
"music",81
"policy",81
"vote",81
"breaking",80
"corrupt",80
"destroy",80
"heard",80
"mag",80
"network",80
"pag",80
"parents",80
"past",80
"week",80
"boy",79
"chinazism",79
"france",79
"hkhumanrightsanddemocracyact",79
"msm",79
"normal",79
"population",79
"boycott",78
"english",78
"games",78
"pakistan",78
"rate",78
"dying",77
"fun",77
"idea",77
"imagine",77
"jobs",77
"hongkongpoliceterrorists",76
"iran",76
"policeterrorism",76
"voice",76
"wuhancoronovirus",76
"bitch",75
"jinping",75
"official",75
"tedrosliedpeopledied",75
"concentrationcamps",74
"crimes",74
"hindi",74
"land",74
"running",74
"terrorists",74
"army",73
"based",73
"dare",73
"dogs",73
"info",73
"kid",73
"research",73
"safety",73
"totalitarianism",73
"win",73
"wouldn",73
"deadly",72
"democratsaredestroyingamerica",72
"fall",72
"january",72
"style",72
"article",71
"baby",71
"beautiful",71
"beginning",71
"brought",71
"doctor",71
"leaders",71
"north",71
"plan",71
"ridiculous",71
"risk",71
"standwithhongkongpic",71
"step",71
"weapon",71
"air",70
"facebook",70
"mais",70
"paid",70
"philippines",70
"politics",70
"proud",70
"reported",70
"singapore",70
"strong",70
"stuff",70
"anticcp",69
"blaming",69
"eye",69
"folks",69
"hkpoliceforce",69
"ready",69
"stopped",69
"tomorrow",69
"viruschines",69
"account",68
"answer",68
"child",68
"covd",68
"gas",68
"lady",68
"lead",68
"shameless",68
"spain",68
"thinking",68
"treat",68
"carrie",67
"earth",67
"hkgov",67
"list",67
"organization",67
"qanon",67
"sell",67
"team",67
"universal",67
"violence",67
"banned",66
"bbc",66
"cut",66
"cute",66
"dirty",66
"expect",66
"forced",66
"hkhrda",66
"personal",66
"sea",66
"speaking",66
"supply",66
"taiwanisnotchina",66
"worry",66
"yg",66
"afraid",65
"art",65
"authoritarianism",65
"boycottchinapic",65
"front",65
"hospital",65
"indontesia",65
"kaya",65
"military",65
"month",65
"mulan",65
"officials",65
"pelosi",65
"reality",65
"source",65
"supplies",65
"viruses",65
"workers",65
"basic",64
"buying",64
"claim",64
"experience",64
"freedoms",64
"inside",64
"leader",64
"liar",64
"patients",64
"planet",64
"selling",64
"society",64
"wumao",64
"xivirus",64
"bless",63
"chine",63
"class",63
"communistvirus",63
"coronavirusindia",63
"covididiots",63
"create",63
"owned",63
"peace",63
"sana",63
"testing",63
"boycottchineseproducts",62
"carrielam",62
"disney",62
"fuckchina",62
"gay",62
"marcorubio",62
"office",62
"protesters",62
"tayo",62
"terrorism",62
"body",61
"businesses",61
"chinalied",61
"democratic",61
"este",61
"mass",61
"night",61
"protest",61
"term",61
"accept",60
"akong",60
"bio",60
"chance",60
"completely",60
"criminal",60
"fivedemandsnotoneless",60
"gotta",60
"mainland",60
"obama",60
"oil",60
"pas",60
"polyuhk",60
"straight",60
"super",60
"taiwanese",60
"tangina",60
"attention",59
"beat",59
"billmaher",59
"blind",59
"closed",59
"covering",59
"dems",59
"region",59
"standing",59
"store",59
"suppress",59
"africans",58
"borisjohnson",58
"cdc",58
"cheap",58
"confirmed",58
"current",58
"fault",58
"hot",58
"king",58
"kpop",58
"mata",58
"nag",58
"standwithhonkong",58
"tiananmensquaremassacre",58
"weird",58
"wga",58
"aware",57
"bet",57
"brutal",57
"communists",57
"demand",57
"doubt",57
"dumb",57
"empire",57
"financial",57
"liberal",57
"mom",57
"murder",57
"nmslese",57
"questions",57
"sen",57
"senator",57
"sounds",57
"suppression",57
"cancer",56
"challenge",56
"controlled",56
"damage",56
"google",56
"hair",56
"hawleymo",56
"hongkonger",56
"influence",56
"investigate",56
"level",56
"model",56
"movie",56
"poly",56
"released",56
"sold",56
"stocks",56
"tear",56
"threatening",56
"tv",56
"vaccine",56
"videos",56
"chinavirusmadeinchina",55
"cho",55
"cost",55
"couple",55
"democrat",55
"eastturkistan",55
"hurt",55
"investigation",55
"lose",55
"magnitskyact",55
"morning",55
"named",55
"nature",55
"picture",55
"prc",55
"saveuyghur",55
"shouldn",55
"tapos",55
"worried",55
"actions",54
"camp",54
"fire",54
"idiots",54
"major",54
"message",54
"photo",54
"plague",54
"putting",54
"sending",54
"student",54
"systems",54
"tho",54
"waiting",54
"actual",53
"bats",53
"birthday",53
"bit",53
"book",53
"border",53
"break",53
"bullshit",53
"feeling",53
"form",53
"hongkongpolicestate",53
"illegal",53
"independent",53
"murderers",53
"obvious",53
"online",53
"pala",53
"skin",53
"todo",53
"university",53
"victims",53
"wuhansars",53
"campaign",52
"daw",52
"devilccp",52
"everyday",52
"excuse",52
"gun",52
"horrible",52
"nalang",52
"nie",52
"petition",52
"quality",52
"sospolyu",52
"street",52
"weapons",52
"wuhanoutbreak",52
"chinawuhanvirus",51
"defeat",51
"difference",51
"disaster",51
"enjoy",51
"freedomhk",51
"freeuyghur",51
"haven",51
"honestly",51
"language",51
"mad",51
"milkteaalliance",51
"paying",51
"politicians",51
"resist",51
"solo",51
"train",51
"trusted",51
"values",51
"water",51
"wet",51
"alert",50
"amazing",50
"autonomy",50
"boycotthkgoverment",50
"california",50
"century",50
"chi",50
"couldn",50
"democratshateamerica",50
"destroyed",50
"destroying",50
"easy",50
"flights",50
"helped",50
"immediately",50
"kick",50
"meat",50
"return",50
"rise",50
"shot",50
"tests",50
"brainwashed",49
"coronaviruschina",49
"cultural",49
"ethnic",49
"fine",49
"foxnews",49
"gui",49
"humans",49
"liberty",49
"manufacturing",49
"narendramodi",49
"nba",49
"prevent",49
"realize",49
"republic",49
"science",49
"special",49
"treatment",49
"bought",48
"brutality",48
"cure",48
"eastern",48
"healthy",48
"holdchinaaccountable",48
"internet",48
"joebiden",48
"leadership",48
"link",48
"loss",48
"nyc",48
"pandemia",48
"restaurant",48
"surveillance",48
"tas",48
"thai",48
"thugs",48
"tiananmen",48
"tong",48
"victim",48
"wuhanvirusmadeinchina",48
"wuhanviruspic",48
"age",47
"ahead",47
"blamechina",47
"calls",47
"cares",47
"conspiracy",47
"deserve",47
"fair",47
"fast",47
"globe",47
"ignorant",47
"madeinchina",47
"maher",47
"main",47
"massive",47
"mess",47
"nako",47
"newyork",47
"result",47
"rica",47
"role",47
"vietnam",47
"wag",47
"wasn",47
"alive",46
"april",46
"biden",46
"born",46
"bro",46
"condemn",46
"era",46
"explain",46
"hai",46
"industry",46
"mention",46
"panic",46
"pop",46
"pr",46
"rape",46
"reporting",46
"rice",46
"rich",46
"road",46
"secpompeo",46
"simply",46
"starting",46
"taiwancanhelp",46
"tested",46
"vaka",46
"view",46
"visit",46
"add",45
"admit",45
"apple",45
"awards",45
"brave",45
"chinaviruspic",45
"citizen",45
"color",45
"crap",45
"crush",45
"dictator",45
"female",45
"focus",45
"fund",45
"hongkonghumanrightsanddemocracyact",45
"hundreds",45
"powerful",45
"sanctions",45
"simple",45
"supporters",45
"tech",45
"tedrosresign",45
"type",45
"version",45
"xitler",45
"agenda",44
"bakit",44
"battle",44
"build",44
"burn",44
"choice",44
"congratulations",44
"damages",44
"foreignvirus",44
"german",44
"handle",44
"healthcare",44
"openamericanow",44
"period",44
"restaurants",44
"retweet",44
"song",44
"spanish",44
"stayathomeorder",44
"steal",44
"takes",44
"antichina",43
"boycottblizzard",43
"busy",43
"chink",43
"club",43
"coronavirusupdates",43
"dapat",43
"decided",43
"distancing",43
"facing",43
"fans",43
"humanitariancrisis",43
"kita",43
"largest",43
"leading",43
"lots",43
"mall",43
"names",43
"notice",43
"prove",43
"review",43
"rules",43
"sarscov",43
"sos",43
"target",43
"xhnews",43
"aid",42
"bunch",42
"chicken",42
"communities",42
"coronavirususa",42
"criminals",42
"defend",42
"dollars",42
"education",42
"exist",42
"families",42
"fellow",42
"hiding",42
"infection",42
"issues",42
"kidnapped",42
"light",42
"male",42
"march",42
"murderer",42
"nos",42
"nytimes",42
"positive",42
"protests",42
"related",42
"reports",42
"secret",42
"soshongkong",42
"spreads",42
"suffer",42
"toll",42
"tonight",42
"uighur",42
"warning",42
"yesterday",42
"abuse",41
"avoid",41
"baka",41
"board",41
"boys",41
"brain",41
"chief",41
"cool",41
"court",41
"debt",41
"declaration",41
"freedomofspeech",41
"honest",41
"hours",41
"lesson",41
"missing",41
"october",41
"oppression",41
"perfect",41
"product",41
"protestors",41
"rally",41
"resign",41
"shopping",41
"york",41
"acting",40
"amount",40
"attacked",40
"causing",40
"clean",40
"continues",40
"coronaviruspic",40
"corruption",40
"critical",40
"december",40
"desde",40
"fechadocombolsonaroate",40
"funding",40
"gusto",40
"handling",40
"idiot",40
"jail",40
"loves",40
"malaysia",40
"mark",40
"massacre",40
"narrative",40
"nila",40
"pdchina",40
"pour",40
"punish",40
"puppets",40
"pure",40
"short",40
"sino",40
"star",40
"study",40
"tf",40
"bringing",39
"cdnpoli",39
"changed",39
"chinesecommunistparty",39
"comments",39
"ei",39
"esta",39
"fauci",39
"favorite",39
"forever",39
"hospitals",39
"intelligence",39
"lagi",39
"liberals",39
"listening",39
"minority",39
"native",39
"nonsense",39
"nung",39
"patriots",39
"production",39
"questa",39
"recent",39
"reporter",39
"spy",39
"stock",39
"sus",39
"tiene",39
"tortured",39
"trading",39
"ugly",39
"va",39
"wars",39
"whitehouse",39
"administration",38
"amp",38
"app",38
"artist",38
"block",38
"brother",38
"cancel",38
"chan",38
"chin",38
"christmaseve",38
"ci",38
"claims",38
"count",38
"covered",38
"danger",38
"directly",38
"ditaduradojudiciario",38
"dontald",38
"doriavaiquebrarsp",38
"experts",38
"fakenewsmedia",38
"false",38
"hkpf",38
"hkpolicemurderer",38
"ho",38
"hv",38
"insane",38
"invasion",38
"ir",38
"kase",38
"letting",38
"londont",38
"murdering",38
"opinion",38
"opportunity",38
"paper",38
"peaceful",38
"phone",38
"played",38
"pressure",38
"private",38
"puro",38
"record",38
"rep",38
"round",38
"season",38
"sorrynotsorry",38
"staff",38
"stfinimigodobrasil",38
"stfvergonhainternacional",38
"taiwanelection",38
"tds",38
"tokyo",38
"turkey",38
"winning",38
"acts",37
"af",37
"americafirst",37
"animal",37
"apologize",37
"authoritarian",37
"bank",37
"believes",37
"center",37
"cov",37
"credit",37
"du",37
"easily",37
"enter",37
"fail",37
"forces",37
"forward",37
"gang",37
"globalantitotalitarianis",37
"joint",37
"kongers",37
"lihkg",37
"looked",37
"losing",37
"medicine",37
"mother",37
"negara",37
"ohsorryccp",37
"saved",37
"service",37
"services",37
"sila",37
"similar",37
"status",37
"streets",37
"supposed",37
"transmission",37
"tweets",37
"uighurs",37
"unite",37
"wash",37
"abt",36
"allah",36
"apparently",36
"ate",36
"attacking",36
"australian",36
"basically",36
"becoz",36
"biological",36
"bitcoin",36
"books",36
"borders",36
"boss",36
"brown",36
"bu",36
"cities",36
"cultures",36
"date",36
"dinner",36
"direitaraizebolsonaro",36
"fan",36
"figures",36
"forgot",36
"fucked",36
"gente",36
"gi",36
"hongkongisnotchina",36
"hongkongprotester",36
"joe",36
"lack",36
"liars",36
"locked",36
"moving",36
"ou",36
"pathetic",36
"ph",36
"porque",36
"qui",36
"racists",36
"reasons",36
"release",36
"rid",36
"san",36
"servers",36
"smart",36
"socialism",36
"ss",36
"surprise",36
"technology",36
"usual",36
"wave",36
"wild",36
"yrs",36
"advice",35
"attacks",35
"blacks",35
"consequences",35
"creating",35
"dayslockdown",35
"director",35
"drop",35
"ebola",35
"failure",35
"hahahahahaha",35
"id",35
"infiltration",35
"kits",35
"knowing",35
"majority",35
"merry",35
"minutes",35
"ol",35
"pneumonia",35
"practice",35
"prices",35
"property",35
"racial",35
"reminder",35
"riot",35
"sale",35
"soup",35
"spent",35
"till",35
"tired",35
"uma",35
"useless",35
"warned",35
"weijia",35
"worth",35
"ai",34
"antitotalitarianism",34
"bbcasiannetwork",34
"bs",34
"building",34
"chinadaily",34
"chinesepneumonia",34
"claimed",34
"communistchina",34
"dahil",34
"defundwho",34
"descent",34
"development",34
"event",34
"feb",34
"firstplay",34
"hits",34
"holocaust",34
"honor",34
"hotel",34
"int",34
"legal",34
"liu",34
"lord",34
"lukedepulford",34
"meet",34
"mistake",34
"modern",34
"movies",34
"ngayon",34
"november",34
"oy",34
"pi",34
"pinas",34
"province",34
"savehongkong",34
"scientists",34
"shift",34
"silence",34
"sin",34
"suffrage",34
"surprised",34
"tem",34
"todos",34
"vous",34
"watched",34
"allowing",33
"ay",33
"built",33
"caught",33
"ch",33
"choose",33
"college",33
"cooking",33
"dec",33
"deep",33
"dos",33
"double",33
"final",33
"flag",33
"green",33
"helps",33
"heritage",33
"hollywood",33
"hurting",33
"ikaw",33
"impact",33
"impeachment",33
"ki",33
"kinda",33
"latino",33
"laws",33
"lil",33
"mao",33
"mexico",33
"nov",33
"partner",33
"plz",33
"pork",33
"pray",33
"religious",33
"silent",33
"smh",33
"stick",33
"survive",33
"threats",33
"trending",33
"valente",33
"viral",33
"access",32
"angry",32
"bigger",32
"chino",32
"collapse",32
"compensation",32
"contact",32
"coronavirustruth",32
"dealing",32
"door",32
"drug",32
"economies",32
"energy",32
"frica",32
"globally",32
"gop",32
"grateful",32
"ignore",32
"journalist",32
"kami",32
"logic",32
"luck",32
"mouth",32
"negative",32
"piece",32
"pigs",32
"punished",32
"recently",32
"rubbish",32
"sur",32
"suspected",32
"tag",32
"tea",32
"tells",32
"terrible",32
"trillion",32
"trip",32
"trudeau",32
"van",32
"agreed",31
"aus",31
"awesome",31
"berlin",31
"blue",31
"box",31
"brazil",31
"britain",31
"cash",31
"corrupted",31
"coverup",31
"covidiots",31
"coz",31
"cuando",31
"dari",31
"dates",31
"doll",31
"drama",31
"elections",31
"export",31
"february",31
"glad",31
"growing",31
"investment",31
"involved",31
"isso",31
"jokes",31
"landslide",31
"mentioned",31
"met",31
"mixed",31
"movement",31
"nygovcuomo",31
"offended",31
"organisation",31
"original",31
"payback",31
"plans",31
"prayforitaly",31
"promise",31
"proof",31
"raped",31
"reading",31
"saving",31
"scared",31
"scary",31
"schools",31
"sex",31
"shamechina",31
"sharing",31
"sis",31
"stage",31
"thread",31
"treated",31
"uae",31
"waste",31
"weekend",31
"xenophobic",31
"benefit",30
"bloody",30
"bodies",30
"boycottccp",30
"car",30
"catch",30
"cats",30
"cold",30
"cops",30
"cos",30
"credibility",30
"dark",30
"decision",30
"dem",30
"detained",30
"dia",30
"disinformation",30
"enemyofthepeople",30
"escape",30
"fb",30
"film",30
"gangs",30
"governments",30
"harm",30
"hoax",30
"immigrants",30
"john",30
"justintrudeau",30
"karma",30
"makechinapaypic",30
"orang",30
"passed",30
"prayersforcoronafreeworld",30
"pull",30
"recovered",30
"religion",30
"rin",30
"rmb",30
"shamewho",30
"sit",30
"slow",30
"stopping",30
"stores",30
"suppressing",30
"trash",30
"upset",30
"vc",30
"ventilators",30
"viruscorona",30
"winnie",30
"yall",30
"ashamed",29
"benedictrogers",29
"bir",29
"blockchain",29
"breakingnews",29
"character",29
"charge",29
"cheat",29
"committee",29
"concern",29
"concerned",29
"contra",29
"dc",29
"demands",29
"drink",29
"efforts",29
"emergency",29
"grow",29
"hid",29
"indians",29
"instagram",29
"ji",29
"kan",29
"liberatehk",29
"location",29
"madeincamps",29
"master",29
"mercy",29
"msnbc",29
"nanaman",29
"owe",29
"pan",29
"prayusa",29
"pre",29
"push",29
"pushing",29
"random",29
"reply",29
"repost",29
"rn",29
"slave",29
"slaves",29
"sound",29
"stealing",29
"stopuyghurslavery",29
"sun",29
"supports",29
"tanginang",29
"tax",29
"territory",29
"tough",29
"twt",29
"typical",29
"unemployment",29
"ung",29
"walk",29
"wide",29
"abroad",28
"actress",28
"affairs",28
"agent",28
"alam",28
"amid",28
"beauty",28
"belt",28
"billions",28
"blah",28
"bot",28
"capital",28
"chineseapologizetotheworldforcovid",28
"civilians",28
"cm",28
"complete",28
"considered",28
"didnt",28
"earlier",28
"eventually",28
"feels",28
"fool",28
"grocery",28
"guilty",28
"hasta",28
"hongkongprostests",28
"humanitarian",28
"ig",28
"immigration",28
"infect",28
"io",28
"italia",28
"itu",28
"june",28
"latin",28
"likes",28
"lived",28
"lower",28
"meaning",28
"menos",28
"murdered",28
"muy",28
"nada",28
"note",28
"officially",28
"olympics",28
"parang",28
"policebrutalityhk",28
"promote",28
"quick",28
"results",28
"rip",28
"rock",28
"rthk",28
"strike",28
"sweet",28
"sya",28
"ten",28
"threatened",28
"touch",28
"vai",28
"walang",28
"accounts",27
"affected",27
"airport",27
"bang",27
"base",27
"careful",27
"celebrate",27
"chinamustpaypic",27
"civil",27
"clown",27
"combat",27
"commie",27
"communismkills",27
"congrats",27
"core",27
"coverage",27
"cr",27
"dad",27
"deals",27
"decades",27
"definition",27
"destruction",27
"devil",27
"dnc",27
"dream",27
"dropped",27
"effect",27
"equipment",27
"expected",27
"exposed",27
"favor",27
"guardian",27
"hasn",27
"hongkongpic",27
"hydroxychloroquine",27
"ill",27
"image",27
"infections",27
"journalists",27
"measures",27
"mid",27
"mukha",27
"nigga",27
"ning",27
"niya",27
"nuclear",27
"oms",27
"opposite",27
"quickly",27
"remove",27
"selfish",27
"singing",27
"spies",27
"standwithbright",27
"statement",27
"stayhomesavelives",27
"suffered",27
"suggest",27
"taiwanishelping",27
"taste",27
"tears",27
"terror",27
"threaten",27
"throw",27
"torture",27
"town",27
"violent",27
"walking",27
"weak",27
"wife",27
"accurate",26
"accused",26
"address",26
"ahora",26
"allies",26
"apply",26
"armed",26
"avec",26
"beware",26
"blocked",26
"brasil",26
"carrying",26
"chaos",26
"ckmkb",26
"climate",26
"committed",26
"compared",26
"continent",26
"coronarovirus",26
"crying",26
"cup",26
"daming",26
"defending",26
"den",26
"developing",26
"difficult",26
"disappeared",26
"doesnt",26
"dunia",26
"espa",26
"expert",26
"extremely",26
"figure",26
"fired",26
"fish",26
"gf",26
"globalist",26
"growth",26
"hahahah",26
"hatred",26
"heading",26
"hitler",26
"holding",26
"independence",26
"intervencaomilitarcombolsonaronopoderpic",26
"laugh",26
"led",26
"lee",26
"machine",26
"margaret",26
"math",26
"meant",26
"meeting",26
"minorities",26
"monday",26
"muito",26
"muna",26
"netherlands",26
"pick",26
"pilipinas",26
"popo",26
"presidente",26
"produce",26
"project",26
"received",26
"represent",26
"series",26
"solution",26
"spend",26
"station",26
"stronger",26
"sue",26
"sweden",26
"swine",26
"ties",26
"trudeaumustgo",26
"trustworthy",26
"update",26
"vaccines",26
"wonderful",26
"yellow",26
"agents",25
"attempt",25
"award",25
"bansa",25
"beating",25
"bisa",25
"canadians",25
"chain",25
"chick",25
"chinapic",25
"chinesepropaganda",25
"church",25
"cia",25
"cina",25
"click",25
"compare",25
"cryptocurrency",25
"developed",25
"discrimination",25
"diseases",25
"district",25
"duterte",25
"federal",25
"fit",25
"freeuyghurs",25
"fung",25
"gold",25
"grabe",25
"ground",25
"hahahahahahaha",25
"hashtag",25
"heil",25
"hkprotesters",25
"holiday",25
"hongkongpoliceterrorist",25
"incompetence",25
"inhumane",25
"insult",25
"leaving",25
"mama",25
"mankind",25
"masters",25
"mortality",25
"nancy",25
"natin",25
"nazis",25
"nhs",25
"nikkei",25
"nope",25
"offer",25
"overseas",25
"pays",25
"pepper",25
"pooh",25
"position",25
"pota",25
"pq",25
"raise",25
"reopenamerica",25
"residents",25
"rude",25
"sakit",25
"senrickscott",25
"shameful",25
"shout",25
"soldiers",25
"southern",25
"space",25
"sta",25
"stories",25
"tr",25
"traveling",25
"violation",25
"wa",25
"warn",25
"washington",25
"zoom",25
"airports",24
"andrew",24
"appeasement",24
"asi",24
"asshole",24
"authority",24
"ayaw",24
"bed",24
"belongs",24
"brand",24
"breitbartnews",24
"cat",24
"characters",24
"complaining",24
"cook",24
"coronavirius",24
"costs",24
"crowd",24
"cuarentena",24
"czech",24
"dami",24
"deepstate",24
"deny",24
"dollar",24
"dominicraab",24
"effort",24
"eles",24
"episode",24
"excited",24
"faith",24
"fascism",24
"feet",24
"fightforfreedompic",24
"followers",24
"foreigners",24
"fue",24
"gates",24
"inhuman",24
"inspired",24
"interview",24
"islamic",24
"island",24
"italian",24
"jesus",24
"kaayo",24
"kana",24
"killer",24
"loyal",24
"mal",24
"mayor",24
"mp",24
"ms",24
"multiple",24
"namin",24
"nato",24
"nmsl",24
"opinions",24
"ozil",24
"park",24
"peoples",24
"politically",24
"posted",24
"prefer",24
"proper",24
"provide",24
"rats",24
"releasing",24
"resources",24
"russian",24
"shitty",24
"sitting",24
"siya",24
"sm",24
"soy",24
"species",24
"stan",24
"starts",24
"strategy",24
"taena",24
"talks",24
"tenggara",24
"tibetans",24
"tipo",24
"toxic",24
"tragedy",24
"unitednations",24
"unlike",24
"ver",24
"voters",24
"voting",24
"whites",24
"woke",24
"wu",24
"amb",23
"anger",23
"appeasing",23
"bbcworld",23
"billgates",23
"cc",23
"commievirus",23
"comunista",23
"confused",23
"congress",23
"content",23
"controlling",23
"coronarvirus",23
"coronovirus",23
"council",23
"cross",23
"cry",23
"das",23
"daughter",23
"decouple",23
"dice",23
"disasters",23
"downingstreet",23
"elderly",23
"ep",23
"ett",23
"fa",23
"fed",23
"feed",23
"festival",23
"filthy",23
"firm",23
"flight",23
"freechina",23
"ft",23
"hace",23
"hero",23
"hoping",23
"hour",23
"keeping",23
"key",23
"kun",23
"leftist",23
"manipulation",23
"min",23
"mu",23
"natural",23
"org",23
"organ",23
"pati",23
"patient",23
"persecution",23
"pissed",23
"planned",23
"prepared",23
"profile",23
"protecting",23
"sadly",23
"sama",23
"screw",23
"senatemajldr",23
"sexy",23
"shanghai",23
"ship",23
"shown",23
"signs",23
"sins",23
"sobre",23
"socialist",23
"solidarity",23
"sort",23
"suddenly",23
"summer",23
"surely",23
"tan",23
"toilet",23
"tourism",23
"track",23
"traditional",23
"trouble",23
"types",23
"walkaway",23
"warfare",23
"wondering",23
"wuhanhealthorganisation",23
"ye",23
"youth",23
"accident",22
"answers",22
"antichinazipic",22
"assets",22
"auspol",22
"ball",22
"bar",22
"basta",22
"bastards",22
"beaten",22
"benefits",22
"bots",22
"broke",22
"cap",22
"cara",22
"card",22
"chinos",22
"civilization",22
"coast",22
"coronavirusinindia",22
"coughing",22
"dalam",22
"decide",22
"deliberately",22
"disgrace",22
"dm",22
"dna",22
"dontaldtrump",22
"dragon",22
"drugs",22
"duty",22
"events",22
"factories",22
"futures",22
"govuk",22
"guns",22
"harvesting",22
"hkprotest",22
"horror",22
"include",22
"invest",22
"investing",22
"isolate",22
"latina",22
"leaked",22
"learned",22
"loved",22
"macau",22
"match",22
"mia",22
"minister",22
"misinformation",22
"mit",22
"monster",22
"nigeria",22
"nurses",22
"perch",22
"phase",22
"possibly",22
"prosecution",22
"ps",22
"pueblo",22
"purpose",22
"repeat",22
"republican",22
"resistbeijing",22
"revolution",22
"sabi",22
"sake",22
"sauce",22
"seattle",22
"signed",22
"socialdistancing",22
"square",22
"stands",22
"startups",22
"stone",22
"strange",22
"struggle",22
"studies",22
"suicide",22
"suppressed",22
"tambi",22
"terms",22
"terroist",22
"toda",22
"tool",22
"tourists",22
"ty",22
"universities",22
"voc",22
"wakeupamerica",22
"weren",22
"wont",22
"xenophobia",22
"yr",22
"yun",22
"zlj",22
"acc",21
"aggression",21
"album",21
"ambassador",21
"anak",21
"announced",21
"antimasklaw",21
"apps",21
"aq",21
"arresting",21
"awful",21
"beer",21
"boris",21
"bully",21
"bullying",21
"canadian",21
"casa",21
"censored",21
"channel",21
"chinazisupport",21
"chinesenewyear",21
"closer",21
"closing",21
"commit",21
"conditions",21
"connect",21
"copy",21
"county",21
"crash",21
"curfewinindia",21
"cv",21
"decisions",21
"declared",21
"decouplechina",21
"democratvirus",21
"dengan",21
"deserves",21
"deve",21
"eastturkestan",21
"educated",21
"elected",21
"emperor",21
"ethnicity",21
"exported",21
"expose",21
"factsmatter",21
"famous",21
"fools",21
"fox",21
"fresh",21
"gain",21
"gift",21
"greatawakening",21
"heat",21
"heavily",21
"hehe",21
"holy",21
"ignorance",21
"illness",21
"increase",21
"individuals",21
"infiltrated",21
"intentionally",21
"israel",21
"items",21
"jd",21
"jews",21
"jos",21
"kim",21
"kingdom",21
"knowledge",21
"labor",21
"limited",21
"lines",21
"loving",21
"lucky",21
"matters",21
"millennials",21
"mission",21
"modi",21
"moved",21
"moves",21
"naming",21
"nasa",21
"negligence",21
"norte",21
"nyt",21
"officers",21
"organs",21
"paniki",21
"perfectly",21
"pilipino",21
"pinoy",21
"players",21
"pmoindia",21
"poc",21
"policies",21
"practices",21
"privacy",21
"problema",21
"putangina",21
"quand",21
"quando",21
"ra",21
"refuse",21
"removed",21
"rio",21
"ruling",21
"savehk",21
"saynotochina",21
"sayo",21
"sentedcruz",21
"server",21
"site",21
"sleep",21
"solve",21
"sooner",21
"spot",21
"standard",21
"suck",21
"sucks",21
"surgical",21
"symptoms",21
"teach",21
"texas",21
"traffic",21
"trend",21
"une",21
"union",21
"unleashed",21
"updates",21
"vi",21
"vicious",21
"violating",21
"vir",21
"write",21
"xijingping",21
"youngsters",21
"yt",21
"aja",20
"angelineonmb",20
"appears",20
"aqui",20
"argentina",20
"arm",20
"atrocity",20
"babies",20
"banning",20
"barely",20
"behavior",20
"bi",20
"bien",20
"blow",20
"bow",20
"broadcasting",20
"brothers",20
"bruh",20
"btc",20
"candidate",20
"carry",20
"ching",20
"dance",20
"deliver",20
"denver",20
"der",20
"dies",20
"digital",20
"disappear",20
"diversity",20
"dontaldjtrumpjr",20
"dun",20
"ele",20
"er",20
"essa",20
"estados",20
"exact",20
"exchange",20
"fat",20
"fix",20
"fly",20
"football",20
"garden",20
"godblessamerica",20
"grew",20
"gross",20
"homes",20
"hongkongelections",20
"identity",20
"income",20
"indiafightscorona",20
"investors",20
"islamicrepublicvirus",20
"kahit",20
"kidnapping",20
"kiss",20
"label",20
"labour",20
"magnitsky",20
"meu",20
"nail",20
"neveragain",20
"ngayongpasko",20
"niggas",20
"niin",20
"offensive",20
"openly",20
"organizations",20
"package",20
"par",20
"paris",20
"polyumassacre",20
"protester",20
"proves",20
"receive",20
"recorded",20
"recover",20
"reduce",20
"remain",20
"resort",20
"screen",20
"severe",20
"shooting",20
"shop",20
"sont",20
"stayathome",20
"strongly",20
"suspect",20
"switch",20
"table",20
"tactic",20
"tak",20
"tang",20
"tbh",20
"tolerate",20
"treating",20
"trillions",20
"uyghurholocaust",20
"violate",20
"virusthreatincamps",20
"viva",20
"warns",20
"washingtonpost",20
"wildlife",20
"wing",20
"wins",20
"wong",20
"xmas",20
"yea",20
"absolute",19
"abuses",19
"activists",19
"added",19
"aids",19
"alcohol",19
"amnesty",19
"anime",19
"ar",19
"assume",19
"atau",19
"average",19
"awit",19
"badly",19
"banyak",19
"batsoup",19
"belong",19
"bloomberg",19
"bomb",19
"bottom",19
"brilliant",19
"broken",19
"budget",19
"cast",19
"celebrating",19
"cent",19
"chinois",19
"conversation",19
"criticism",19
"cruz",19
"dans",19
"decouplefromchina",19
"dignity",19
"dio",19
"discovered",19
"dontated",19
"easter",19
"effective",19
"ellos",19
"esto",19
"extreme",19
"father",19
"features",19
"frontline",19
"ge",19
"globaltimesnews",19
"hacer",19
"hkmassacre",19
"hotels",19
"hubei",19
"humanrightsviolations",19
"hysteria",19
"included",19
"increasing",19
"internal",19
"islam",19
"islands",19
"jump",19
"kowtow",19
"kowtowing",19
"kt",19
"laboratory",19
"lock",19
"losses",19
"madeinchinavirus",19
"maintain",19
"mexican",19
"mine",19
"mondaythoughts",19
"moral",19
"muka",19
"mundial",19
"naive",19
"nasty",19
"nem",19
"netflix",19
"nose",19
"origins",19
"page",19
"phoenix",19
"pompeo",19
"posting",19
"praise",19
"pretend",19
"prevention",19
"professional",19
"program",19
"proved",19
"published",19
"puta",19
"queen",19
"raised",19
"reduced",19
"representation",19
"returned",19
"rhetoric",19
"sakin",19
"sanctioned",19
"secrets",19
"soft",19
"soshkpic",19
"specific",19
"spending",19
"spying",19
"stream",19
"successful",19
"swear",19
"swedish",19
"targeting",19
"thedemocrats",19
"threatens",19
"thursdaythoughts",19
"timeline",19
"tiny",19
"venezuela",19
"vietnamese",19
"violator",19
"wechat",19
"wetmarkets",19
"winter",19
"writes",19
"written",19
"za",19
"ab",18
"adding",18
"announce",18
"apology",18
"approved",18
"asean",18
"assault",18
"atlanta",18
"blamed",18
"bowl",18
"brings",18
"bukas",18
"bump",18
"cctv",18
"chicom",18
"chinaflu",18
"chinaisracist",18
"claiming",18
"conference",18
"connection",18
"coronaupdatesindia",18
"cuisine",18
"debate",18
"democratsaremoredangerousthancoronavirus",18
"designed",18
"direct",18
"discuss",18
"dramas",18
"dyan",18
"ed",18
"ek",18
"eliminate",18
"embrace",18
"ensure",18
"entre",18
"eso",18
"essential",18
"executive",18
"explanation",18
"factor",18
"failing",18
"fait",18
"finest",18
"formula",18
"fraud",18
"freaking",18
"fuckin",18
"funds",18
"goal",18
"harder",18
"hates",18
"hidden",18
"hilarious",18
"hmmm",18
"hole",18
"huh",18
"immunity",18
"imported",18
"impossible",18
"incompetent",18
"intentional",18
"interference",18
"invite",18
"ip",18
"iranian",18
"irresponsible",18
"isis",18
"jap",18
"kenya",18
"league",18
"lmfao",18
"loan",18
"loud",18
"lugar",18
"luxury",18
"males",18
"minds",18
"minute",18
"misleading",18
"missed",18
"mistakes",18
"mong",18
"moron",18
"nda",18
"odd",18
"ole",18
"outlets",18
"outrageous",18
"pak",18
"pakistani",18
"passing",18
"photos",18
"plane",18
"planning",18
"platform",18
"podcast",18
"potential",18
"ppeshortage",18
"prepare",18
"projects",18
"protesting",18
"purposely",18
"quarantinelife",18
"questo",18
"quit",18
"refused",18
"regular",18
"relationship",18
"reopen",18
"reparations",18
"replace",18
"reporters",18
"restrictions",18
"sempre",18
"sends",18
"senschumer",18
"shutdown",18
"sono",18
"soul",18
"sources",18
"stadion",18
"staying",18
"stops",18
"suspicious",18
"tabhleegijamaat",18
"tank",18
"tao",18
"task",18
"theory",18
"tienen",18
"trumppence",18
"tuloy",18
"unfair",18
"unhumanrights",18
"unidos",18
"uno",18
"untuk",18
"vintage",18
"violations",18
"vuelos",18
"wealth",18
"wise",18
"writers",18
"wsj",18
"wt",18
"yon",18
"ac",17
"actors",17
"advantage",17
"affect",17
"arab",17
"artists",17
"atleast",17
"authorities",17
"becuz",17
"breaks",17
"briefing",17
"bullet",17
"burning",17
"cancelled",17
"casos",17
"censoring",17
"cents",17
"changing",17
"chinanews",17
"citizenship",17
"civilized",17
"ck",17
"coin",17
"commies",17
"comparison",17
"concept",17
"conscience",17
"constitution",17
"coronapocolypse",17
"coronarevolution",17
"cummunist",17
"david",17
"decent",17
"demandsnotoneless",17
"drive",17
"economically",17
"economics",17
"effects",17
"embassy",17
"england",17
"enjoying",17
"environment",17
"equal",17
"esse",17
"extent",17
"falling",17
"faulty",17
"fell",17
"filipino",17
"filled",17
"floor",17
"foi",17
"folk",17
"ghorl",17
"gobierno",17
"governo",17
"governor",17
"gracias",17
"harmful",17
"hearing",17
"heavy",17
"heroes",17
"highly",17
"hindus",17
"hongkongprostest",17
"ibang",17
"identify",17
"idol",17
"ik",17
"immune",17
"incredible",17
"ironic",17
"jackma",17
"jadi",17
"kala",17
"kayong",17
"kinakain",17
"km",17
"ladies",17
"liberalismisamentaldisorder",17
"loose",17
"map",17
"masih",17
"mental",17
"models",17
"moscow",17
"museum",17
"net",17
"nightmare",17
"nowmorethanever",17
"nuevo",17
"ocean",17
"og",17
"op",17
"orange",17
"ordinary",17
"pain",17
"pano",17
"parte",17
"pelo",17
"personas",17
"pics",17
"pig",17
"poverty",17
"prison",17
"produced",17
"progress",17
"promoting",17
"punishment",17
"races",17
"rapidly",17
"regional",17
"reliable",17
"remains",17
"republicans",17
"request",17
"reveal",17
"robert",17
"rp",17
"sales",17
"saudi",17
"scam",17
"scare",17
"scene",17
"seanhannity",17
"seek",17
"senate",17
"senategop",17
"shoes",17
"significant",17
"silencing",17
"sister",17
"smile",17
"soros",17
"speaks",17
"specifically",17
"spin",17
"stated",17
"stats",17
"stfu",17
"superior",17
"tener",17
"ti",17
"todas",17
"transparent",17
"trial",17
"trudeaudictatorship",17
"trudeauliedpeopledied",17
"tsai",17
"tudo",17
"understood",17
"universe",17
"voted",17
"writing",17
"writingcommunity",17
"zone",17
"active",16
"afford",16
"airlines",16
"algo",16
"ancestors",16
"annoying",16
"ap",16
"arrestdrtedros",16
"arsenal",16
"ata",16
"bay",16
"becausechina",16
"beloved",16
"bias",16
"biochemical",16
"bored",16
"bother",16
"buat",16
"calm",16
"ccpviruspic",16
"cheating",16
"cheese",16
"chinakillingmuslim",16
"chinaracism",16
"chris",16
"christian",16
"compensate",16
"cooperation",16
"coronavid",16
"correctness",16
"cosplay",16
"counter",16
"cruel",16
"culprit",16
"customers",16
"daddy",16
"daylockdown",16
"delivery",16
"dick",16
"dissidents",16
"dontothingdemocrats",16
"doomed",16
"earn",16
"easier",16
"employees",16
"ese",16
"excellent",16
"exo",16
"extra",16
"faceofchina",16
"factory",16
"fascist",16
"feelings",16
"florida",16
"foundation",16
"french",16
"gender",16
"giant",16
"gloves",16
"gobyerno",16
"gopleader",16
"grooming",16
"hahahahah",16
"hindu",16
"hker",16
"hkgovt",16
"hkpoliceisterrorist",16
"hksar",16
"holds",16
"humor",16
"hygiene",16
"ih",16
"iingwen",16
"impose",16
"incluso",16
"individual",16
"inevitable",16
"institute",16
"intellectual",16
"isa",16
"itos",16
"jud",16
"kang",16
"kanina",16
"kneel",16
"konger",16
"laughing",16
"legit",16
"maging",16
"manila",16
"married",16
"mate",16
"memes",16
"mers",16
"mn",16
"nang",16
"nh",16
"nhk",16
"nj",16
"nowplaying",16
"od",16
"oo",16
"option",16
"originate",16
"pang",16
"paul",16
"personally",16
"pl",16
"plandemic",16
"plastic",16
"plays",16
"poison",16
"popular",16
"poster",16
"presidential",16
"prime",16
"promised",16
"promises",16
"properly",16
"protected",16
"protection",16
"providing",16
"rap",16
"rare",16
"rat",16
"realise",16
"rescue",16
"reuters",16
"ruin",16
"ruining",16
"sabe",16
"salud",16
"scientific",16
"scum",16
"sec",16
"serve",16
"sh",16
"signal",16
"silenced",16
"sisters",16
"sky",16
"spalding",16
"speed",16
"sports",16
"spray",16
"stake",16
"startup",16
"stayed",16
"staysafe",16
"strength",16
"strict",16
"taught",16
"teaching",16
"tedrosvirus",16
"ter",16
"theyre",16
"thousand",16
"tik",16
"tok",16
"tp",16
"trailer",16
"transparency",16
"treason",16
"uh",16
"unacceptable",16
"unleashing",16
"urge",16
"usd",16
"uy",16
"victory",16
"viruschina",16
"voteredtosaveamerica",16
"walked",16
"walmart",16
"warriors",16
"whistleblowers",16
"yawa",16
"yearsofshame",16
"yup",16
"academic",15
"acho",15
"adhanom",15
"ads",15
"ages",15
"aim",15
"aku",15
"amazon",15
"ampota",15
"arrests",15
"arrogant",15
"assholes",15
"believed",15
"bem",15
"bills",15
"bioterrorism",15
"bird",15
"bistro",15
"bloodycarrie",15
"bolsonaro",15
"bolsonarotemrazao",15
"bout",15
"boyfriend",15
"briefings",15
"broad",15
"camera",15
"career",15
"caucasian",15
"centre",15
"charged",15
"chinaisasshoepic",15
"chinazis",15
"clinton",15
"committing",15
"complain",15
"complicit",15
"constantly",15
"contagious",15
"contract",15
"corochina",15
"counting",15
"cuba",15
"cuomo",15
"curve",15
"cybersecurity",15
"dating",15
"declare",15
"defective",15
"delhi",15
"disagree",15
"discriminated",15
"dobranoc",15
"dominate",15
"dontate",15
"download",15
"drops",15
"eaten",15
"ela",15
"empresas",15
"endangered",15
"ent",15
"equally",15
"esp",15
"europarl",15
"examples",15
"existence",15
"explained",15
"extended",15
"fare",15
"faster",15
"fave",15
"females",15
"fights",15
"finding",15
"finger",15
"forum",15
"frozen",15
"funded",15
"fyi",15
"gago",15
"gleichschaltung",15
"globolixo",15
"governors",15
"grade",15
"height",15
"ico",15
"icotracker",15
"ideas",15
"iq",15
"jakarta",15
"johnson",15
"jongin",15
"kapag",15
"khameneivirus",15
"knees",15
"koreans",15
"learning",15
"leftists",15
"liberalismisamentaldisease",15
"licking",15
"lng",15
"locals",15
"lyrics",15
"mailonline",15
"mandarin",15
"manipulated",15
"max",15
"mejor",15
"merkel",15
"mindset",15
"mix",15
"monsters",15
"morons",15
"muchos",15
"mum",15
"neighbors",15
"noticed",15
"nunca",15
"officer",15
"passhkhumanrightsanddemocracyact",15
"perspective",15
"pessoas",15
"phones",15
"plant",15
"plenty",15
"pol",15
"possibility",15
"pres",15
"pretending",15
"primary",15
"princess",15
"professor",15
"provided",15
"pt",15
"quem",15
"reach",15
"recommend",15
"referring",15
"relief",15
"rely",15
"reputation",15
"revealed",15
"revenge",15
"rising",15
"roll",15
"ruined",15
"secure",15
"senior",15
"seu",15
"shd",15
"shits",15
"shops",15
"simon",15
"size",15
"sk",15
"slowly",15
"smoke",15
"standwithhkpic",15
"stimulus",15
"stopmekongdam",15
"struggling",15
"stupidity",15
"sunday",15
"supremacy",15
"sushi",15
"tapi",15
"tariffs",15
"teargas",15
"ted",15
"terbaik",15
"terroris",15
"thrown",15
"tip",15
"training",15
"transmitted",15
"travelling",15
"tricks",15
"urging",15
"vem",15
"vice",15
"views",15
"vision",15
"votes",15
"weather",15
"wenliang",15
"wi",15
"widespread",15
"wings",15
"winner",15
"worthless",15
"wuhancoronaviruspic",15
"yep",15
"yi",15
"ability",14
"absurd",14
"acceptable",14
"accidentally",14
"activities",14
"actor",14
"actos",14
"africansinchina",14
"agad",14
"ahh",14
"ainda",14
"alarm",14
"alibaba",14
"ama",14
"americancitizen",14
"amici",14
"amitshah",14
"anche",14
"ancient",14
"andrewyang",14
"anythingbutchina",14
"ao",14
"approach",14
"apr",14
"assembly",14
"assistance",14
"association",14
"atrocities",14
"attend",14
"attitude",14
"bags",14
"balls",14
"banchina",14
"banhuawei",14
"barbaric",14
"basis",14
"bear",14
"beef",14
"believing",14
"bernie",14
"bitches",14
"bjp",14
"bo",14
"boi",14
"bonus",14
"boring",14
"boycottmadeinchina",14
"bright",14
"buti",14
"capable",14
"capitalist",14
"caso",14
"censor",14
"census",14
"ceo",14
"char",14
"chicago",14
"chinaislying",14
"chinatown",14
"chong",14
"clip",14
"collection",14
"comme",14
"comparing",14
"comrade",14
"confirm",14
"confirms",14
"consulate",14
"context",14
"controls",14
"corea",14
"corner",14
"coronavillains",14
"coronavius",14
"coronoavirus",14
"corporations",14
"cough",14
"cowards",14
"cpc",14
"creo",14
"cruise",14
"curse",14
"dalailama",14
"deflect",14
"delayed",14
"deleted",14
"despicable",14
"dictators",14
"dire",14
"discussion",14
"dit",14
"diverse",14
"documents",14
"domestic",14
"drinking",14
"driver",14
"drones",14
"duck",14
"dudes",14
"edi",14
"emmanuelmacron",14
"empty",14
"entering",14
"eroded",14
"estar",14
"ethereum",14
"expand",14
"explains",14
"extradition",14
"falls",14
"fc",14
"finished",14
"flying",14
"foods",14
"frame",14
"fried",14
"galing",14
"gc",14
"george",14
"goodness",14
"gr",14
"grab",14
"greedy",14
"grown",14
"gud",14
"habitual",14
"hahah",14
"handled",14
"hashtags",14
"heads",14
"heartthrobs",14
"hillary",14
"hkpolicerapists",14
"hkpolicestatepic",14
"homeless",14
"honolulu",14
"houston",14
"iba",14
"ice",14
"ii",14
"imposed",14
"infiltrate",14
"introduced",14
"ivankatrump",14
"jim",14
"jkylebass",14
"kicked",14
"kidding",14
"kitchen",14
"komunis",14
"lahi",14
"launch",14
"lisa",14
"lowest",14
"luv",14
"mahal",14
"makeup",14
"managed",14
"material",14
"mau",14
"measure",14
"mega",14
"mein",14
"melbourne",14
"mereka",14
"meron",14
"merrychristmas",14
"miles",14
"mill",14
"mnet",14
"mon",14
"mood",14
"naging",14
"naka",14
"nationalists",14
"nationals",14
"nowadays",14
"nz",14
"olla",14
"olympic",14
"operation",14
"owes",14
"pandemics",14
"pattyhajdu",14
"physical",14
"pictures",14
"pid",14
"piss",14
"plain",14
"poll",14
"precious",14
"prisoners",14
"privilege",14
"process",14
"puede",14
"pulled",14
"rapists",14
"rates",14
"reaction",14
"realised",14
"recession",14
"regions",14
"relate",14
"relying",14
"remarks",14
"reminds",14
"repeating",14
"restricted",14
"rogue",14
"root",14
"ruled",14
"sacrifice",14
"secretary",14
"sentence",14
"sentomcotton",14
"severity",14
"shirt",14
"shoot",14
"sites",14
"slavery",14
"smell",14
"softbank",14
"soviet",14
"stopchina",14
"success",14
"surprising",14
"talked",14
"tiananmenmassacre",14
"tibetan",14
"tico",14
"triggered",14
"tulo",14
"turkestan",14
"turkistan",14
"ukraine",14
"unitedstates",14
"ups",14
"users",14
"vel",14
"vez",14
"violated",14
"vulnerable",14
"wang",14
"whistleblower",14
"winniethepooh",14
"xico",14
"yifei",14
"zombie",14
"abd",13
"abeshinzo",13
"accepting",13
"achieve",13
"acknowledge",13
"agency",13
"agora",13
"alot",13
"anna",13
"argue",13
"assaulted",13
"australians",13
"auto",13
"await",13
"bahay",13
"band",13
"bangkok",13
"banks",13
"besafe",13
"birx",13
"boycotthuawei",13
"brutally",13
"bus",13
"carrier",13
"cbsnews",13
"cdcgov",13
"cell",13
"cells",13
"chemical",13
"chinaisasshole",13
"chinas",13
"chinawuhan",13
"chinesecoronaviruspic",13
"chineseviruscensorship",13
"chow",13
"christians",13
"cinema",13
"concerns",13
"concert",13
"confidence",13
"connected",13
"cop",13
"coronarvirues",13
"coronaviruschallenge",13
"courage",13
"crew",13
"crimesagainsthumanity",13
"crude",13
"cu",13
"customer",13
"dal",13
"decade",13
"delete",13
"della",13
"design",13
"dip",13
"discover",13
"disguise",13
"dishes",13
"dontde",13
"dress",13
"drinks",13
"ds",13
"encourage",13
"enforce",13
"entry",13
"escaped",13
"estos",13
"etsy",13
"eua",13
"evacuation",13
"exporting",13
"faced",13
"faucifraud",13
"favourite",13
"fbi",13
"fears",13
"ffs",13
"finance",13
"fk",13
"footage",13
"freetaiwan",13
"friday",13
"function",13
"functional",13
"gaming",13
"gd",13
"goddamn",13
"gods",13
"gordontgchang",13
"grave",13
"guest",13
"guts",13
"habits",13
"hadn",13
"hala",13
"hantaviruschina",13
"hari",13
"harvard",13
"havoc",13
"hillaryclinton",13
"honey",13
"host",13
"hurts",13
"husband",13
"hy",13
"hypocrite",13
"importance",13
"ina",13
"infectious",13
"influenced",13
"ing",13
"injustice",13
"interfere",13
"isang",13
"jack",13
"jay",13
"jersey",13
"jest",13
"jp",13
"kg",13
"lame",13
"launches",13
"lawmakers",13
"leaves",13
"levels",13
"lights",13
"limit",13
"linked",13
"logo",13
"lu",13
"lunch",13
"mainlanders",13
"manipulate",13
"mano",13
"massmigration",13
"md",13
"medidas",13
"mesmo",13
"methods",13
"miami",13
"mie",13
"mini",13
"minimum",13
"mins",13
"mocking",13
"momento",13
"mongering",13
"nancychokeswhilepeoplegobroke",13
"nbc",13
"nepal",13
"neverforget",13
"nl",13
"noodles",13
"northern",13
"np",13
"numerous",13
"outbreaks",13
"partido",13
"path",13
"pelosihatesamericans",13
"pence",13
"perawan",13
"percent",13
"pet",13
"philadelphia",13
"philippine",13
"ping",13
"pit",13
"poder",13
"pollution",13
"powers",13
"prayfortheworld",13
"priority",13
"profit",13
"purchase",13
"pushed",13
"putanginang",13
"quedateencasa",13
"quidprojoe",13
"quiet",13
"racially",13
"raises",13
"ran",13
"reached",13
"reaching",13
"receiving",13
"recovery",13
"refer",13
"regimes",13
"relevant",13
"religions",13
"repmcgovern",13
"representative",13
"resident",13
"respond",13
"rk",13
"rolls",13
"rs",13
"sat",13
"saynotocommunistchina",13
"scale",13
"scotland",13
"scott",13
"screaming",13
"screwed",13
"search",13
"seat",13
"sentenced",13
"served",13
"shared",13
"shocked",13
"shoppers",13
"shower",13
"sige",13
"sing",13
"skills",13
"spicy",13
"spoke",13
"sponsored",13
"stability",13
"standup",13
"starving",13
"statements",13
"stays",13
"stereotype",13
"stuck",13
"surge",13
"tactics",13
"taipei",13
"takot",13
"talent",13
"tam",13
"tcot",13
"teams",13
"tedcruz",13
"tend",13
"terorist",13
"thug",13
"ticos",13
"tidak",13
"tim",13
"tomtugendhat",13
"tra",13
"traici",13
"trolls",13
"trumppressconference",13
"tucson",13
"tweeting",13
"unbelievable",13
"und",13
"uniteblue",13
"unsc",13
"upcoming",13
"vida",13
"voices",13
"volume",13
"wanmingyang",13
"web",13
"whats",13
"wishing",13
"wuhanchinavirus",13
"wuhanhealthorganization",13
"wwii",13
"xd",13
"yor",13
"aa",12
"abortion",12
"accepted",12
"accomplice",12
"admin",12
"aggressive",12
"agreement",12
"aliens",12
"alleged",12
"ally",12
"ambulance",12
"animalcrossing",12
"annual",12
"ant",12
"arena",12
"argument",12
"attempted",12
"bag",12
"bali",12
"bangladesh",12
"barackobama",12
"bb",12
"beg",12
"begin",12
"behaviour",12
"blackness",12
"blames",12
"blizzard",12
"blocking",12
"blocks",12
"brainwashing",12
"bravo",12
"broadcast",12
"bueno",12
"bullets",12
"bwiset",12
"bwisit",12
"carried",12
"carriers",12
"centarmy",12
"centuries",12
"checked",12
"chen",12
"chicomvirus",12
"chinaassumateuvirus",12
"choices",12
"contained",12
"continente",12
"continued",12
"coronaviruskenya",12
"coronavirusnewyork",12
"coronaviruspakistan",12
"countless",12
"crossed",12
"crucial",12
"crushed",12
"curious",12
"dallas",12
"defense",12
"dei",12
"demexit",12
"develop",12
"dieforthedow",12
"diri",12
"disrespect",12
"divide",12
"driving",12
"econom",12
"een",12
"eeuu",12
"egg",12
"embaixadachina",12
"esos",12
"eth",12
"everytime",12
"exists",12
"expecting",12
"expel",12
"extend",12
"fam",12
"familiar",12
"fandom",12
"fascinating",12
"fatalities",12
"fav",12
"favour",12
"fever",12
"fico",12
"fighters",12
"fl",12
"fm",12
"foreignoffice",12
"forgotten",12
"fragile",12
"freehongkongpic",12
"friendship",12
"fusion",12
"garbage",12
"gn",12
"goals",12
"goodbye",12
"grand",12
"grande",12
"greece",12
"hang",12
"hanta",12
"harvest",12
"hating",12
"hawley",12
"hays",12
"hearuyghurs",12
"hmm",12
"hora",12
"houses",12
"hr",12
"hsbc",12
"huhu",12
"hype",12
"ignoring",12
"ima",12
"import",12
"incidents",12
"increased",12
"ind",12
"indigenous",12
"indo",12
"infrastructure",12
"inspiration",12
"insulting",12
"iphone",12
"islander",12
"isnt",12
"isolated",12
"issued",12
"ist",12
"italians",12
"jak",12
"jewish",12
"jowa",12
"kar",12
"karmavirus",12
"ku",12
"labs",12
"languages",12
"lar",12
"leg",12
"leo",12
"lethal",12
"letter",12
"liberate",12
"listed",12
"liwenliang",12
"lockdownindia",12
"loser",12
"lovely",12
"machines",12
"mafia",12
"mandatory",12
"massage",12
"medics",12
"meme",12
"mfa",12
"mirror",12
"ml",12
"morti",12
"mouthpiece",12
"muchas",12
"mutta",12
"naa",12
"nay",12
"nel",12
"nocy",12
"nth",12
"nurse",12
"occupied",12
"occupying",12
"occurred",12
"ont",12
"operations",12
"oppressed",12
"palang",12
"parties",12
"partners",12
"patel",12
"pela",12
"pelangi",12
"pode",12
"policemen",12
"povo",12
"praising",12
"presence",12
"pride",12
"probe",12
"progressive",12
"pussy",12
"pwede",12
"radiation",12
"radical",12
"raising",12
"ramadan",12
"rapid",12
"raw",12
"realized",12
"recognize",12
"refugees",12
"relations",12
"remdesivir",12
"respiratory",12
"rkistan",12
"rubio",12
"sanctionchinaccp",12
"sarap",12
"scientist",12
"scmpnews",12
"score",12
"screening",12
"sem",12
"senrubiopress",12
"sensitive",12
"separate",12
"sheep",12
"sidekick",12
"singkit",12
"sleepyjoebiden",12
"soooo",12
"southchinasea",12
"spirit",12
"standards",12
"statedept",12
"stayhomeindia",12
"steps",12
"stereotypes",12
"sth",12
"stir",12
"stole",12
"stood",12
"strain",12
"strategic",12
"studio",12
"sucking",12
"supermarket",12
"supported",12
"supporter",12
"supreme",12
"syndrome",12
"tale",12
"targeted",12
"targets",12
"taxpayer",12
"telecommunications",12
"terbesar",12
"termasuk",12
"thuggish",12
"tienanmen",12
"title",12
"toh",12
"traitor",12
"trap",12
"treasure",12
"trusting",12
"tune",12
"tutti",12
"tvb",12
"tw",12
"twisted",12
"ultimate",12
"unemployed",12
"unit",12
"unknown",12
"variety",12
"vegan",12
"verdad",12
"vpn",12
"vw",12
"wallstreet",12
"washyourhands",12
"weibo",12
"whistle",12
"wholiedpeoplediedpic",12
"worship",12
"wrap",12
"abusing",11
"acted",11
"admitted",11
"adopt",11
"adopted",11
"aint",11
"akala",11
"albuquerque",11
"amor",11
"analysis",11
"ania",11
"anong",11
"antes",11
"anthem",11
"arabia",11
"arguing",11
"arrive",11
"asiangirlpic",11
"assumed",11
"avcj",11
"aw",11
"background",11
"bae",11
"bago",11
"bans",11
"basketball",11
"bcoz",11
"beach",11
"bei",11
"ben",11
"bend",11
"betting",11
"bhi",11
"blog",11
"boycottmulanpic",11
"br",11
"brexit",11
"bridge",11
"buildthewall",11
"bye",11
"cambodia",11
"capitalism",11
"cards",11
"ccppropaganda",11
"ccpviurs",11
"celebrated",11
"celebrities",11
"ces",11
"chains",11
"challenges",11
"chernobyl",11
"chinaisterrorist",11
"chinaliedpeopleadied",11
"chinaliedpeoplediedpic",11
"chinaneedstoapologize",11
"chinatransparencynow",11
"cleaner",11
"closethecamps",11
"cnnbrk",11
"coal",11
"cockroaches",11
"comunistas",11
"conceal",11
"continents",11
"coronaalert",11
"coronacrisis",11
"coronav",11
"corporate",11
"cosa",11
"crack",11
"cream",11
"creative",11
"crooked",11
"crores",11
"crypto",11
"cuitlahuachundeaveracruz",11
"cutting",11
"cyber",11
"dat",11
"dati",11
"deceit",11
"deeply",11
"delusional",11
"depending",11
"depression",11
"details",11
"direction",11
"disappointing",11
"disrespectful",11
"divert",11
"dj",11
"documentary",11
"dontating",11
"dozens",11
"dubai",11
"dumbass",11
"ebay",11
"educate",11
"emerging",11
"emoji",11
"emotional",11
"envy",11
"ether",11
"europeans",11
"ewan",11
"explore",11
"exposing",11
"facemasks",11
"faked",11
"fallen",11
"falta",11
"fentanyl",11
"fetish",11
"feverdetectioncamera",11
"fi",11
"foot",11
"forcing",11
"fought",11
"freehkpic",11
"ganon",11
"gap",11
"gen",11
"genuine",11
"gestapo",11
"gk",11
"glory",11
"gobernador",11
"gran",11
"grandma",11
"greek",11
"grupos",11
"guidelines",11
"hahahahahah",11
"hahahahahahahaha",11
"halt",11
"hated",11
"hawaii",11
"headline",11
"heck",11
"historical",11
"hitting",11
"hongkongpoliceburtality",11
"hongkongpoliceviolence",11
"hopes",11
"hrw",11
"hypocrites",11
"hyv",11
"ic",11
"ich",11
"ideology",11
"igual",11
"impeach",11
"imports",11
"inconveniente",11
"inform",11
"investments",11
"iot",11
"iron",11
"irrelevant",11
"isolation",11
"jimin",11
"joining",11
"journalism",11
"juga",11
"jun",11
"junk",11
"jusko",11
"justify",11
"kalo",11
"kindly",11
"kissing",11
"knock",11
"lah",11
"lake",11
"lalo",11
"latinos",11
"latinx",11
"lawyer",11
"legislation",11
"libre",11
"liga",11
"losangels",11
"mail",11
"manufactured",11
"mar",11
"medialiedpeopledied",11
"medio",11
"meets",11
"mf",11
"mfs",11
"milano",11
"minor",11
"mir",11
"mobile",11
"mumbai",11
"murderous",11
"muslera",11
"mycovidstory",11
"nao",11
"nationalism",11
"nhsheroes",11
"nike",11
"nizamuddinmarkaz",11
"noextraditiontochina",11
"nt",11
"occidente",11
"oce",11
"oceania",11
"om",11
"opponents",11
"oppress",11
"options",11
"oran",11
"otro",11
"outros",11
"owners",11
"owns",11
"pac",11
"pais",11
"papasok",11
"parent",11
"passengers",11
"passes",11
"passport",11
"patriotic",11
"payment",11
"pe",11
"pertama",11
"peste",11
"pity",11
"pizza",11
"pleasure",11
"poco",11
"posts",11
"potentially",11
"prayforeveryoneinfectedwiththe",11
"preparing",11
"primera",11
"prior",11
"problematic",11
"produces",11
"prof",11
"programs",11
"protective",11
"proven",11
"pu",11
"publichealth",11
"pues",11
"pulse",11
"qt",11
"radio",11
"react",11
"reasonable",11
"reliance",11
"remind",11
"repeats",11
"represented",11
"river",11
"rl",11
"robbed",11
"safely",11
"saltlakecity",11
"sanctioning",11
"saturday",11
"scums",11
"section",11
"sector",11
"sei",11
"seize",11
"semua",11
"senatedems",11
"serving",11
"shamelessly",11
"shape",11
"shares",11
"shipping",11
"ships",11
"shithole",11
"siempre",11
"silver",11
"sleeping",11
"snow",11
"sobrang",11
"societies",11
"solid",11
"sovereignty",11
"spx",11
"squad",11
"stable",11
"standwithtaiwan",11
"starve",11
"stayathomesavelives",11
"steve",11
"subtle",11
"subway",11
"suggesting",11
"supermarkets",11
"superpower",11
"suppresses",11
"survival",11
"survived",11
"survivors",11
"suspended",11
"sweat",11
"tablighijamaat",11
"tablighijamatvirus",11
"tai",11
"tall",11
"teacher",11
"teenagers",11
"theft",11
"thegreatawakening",11
"theme",11
"threw",11
"ticket",11
"tied",11
"tiger",11
"tl",11
"trains",11
"travelers",11
"treaties",11
"treats",11
"troll",11
"trumpderangementsyndrome",11
"tryna",11
"tuckercarlson",11
"tuesday",11
"tyrannical",11
"understanding",11
"unlawfully",11
"uu",11
"uv",11
"uygur",11
"vancouver",11
"vast",11
"venture",11
"veracruz",11
"vidas",11
"viene",11
"vip",11
"virtual",11
"virulent",11
"viruschinois",11
"virusmadeinchina",11
"vraiment",11
"warcrimes",11
"wasting",11
"wat",11
"website",11
"weed",11
"wethepeople",11
"wine",11
"wipe",11
"witham",11
"withholding",11
"wwiii",11
"yla",11
"yue",11
